id,domain,source_name,source_url,access_date,license,language,document_target,status,notes
1,medicine,"КиберЛенинка - Медицина","https://cyberleninka.ru/search?q=%D0%BC%D0%B5%D0%B4%D0%B8%D1%86%D0%B8%D0%BD%D0%B0",2026-09-15,"Открытые лицензии источников; использование в научных целях (ст. 1274 ГК РФ)",ru,100,planned,"Научные статьи рецензируемых медицинских журналов; фильтр 2020-2026"
2,medicine,"PubMed Central - Open Access Subset","https://www.ncbi.nlm.nih.gov/pmc/tools/openftlist/",2026-09-16,"PMC Open Access Subset License",ru/en,100,planned,"Обзоры и систематические обзоры; выгрузка через API"
3,medicine,"Клинические рекомендации Минздрава РФ","https://cr.minzdrav.gov.ru/",2026-09-15,"Общественное достояние (официальные документы)",ru,80,planned,"Официальные клинические рекомендации; кардиология и неврология в приоритете"
4,medicine,"Cochrane Library - Open Access","https://www.cochranelibrary.com/",2026-09-16,"CC BY-NC-ND (варьируется по статье)",en,40,planned,"Систематические обзоры; только статьи в открытом доступе"
5,medicine,"BMJ Open","https://bmjopen.bmj.com/",2026-09-16,"CC BY 4.0",en,40,planned,"Полностью открытый доступ; рецензируемые статьи"
6,medicine,"Русский медицинский журнал","https://www.rmj.ru/",2026-09-17,"Авторское право; использование в научных целях с цитированием",ru,40,planned,"Открытые статьи и обзоры"
7,medicine,"The Lancet - Open Access","https://www.thelancet.com/open-access",2026-09-16,"CC BY-NC-ND 4.0 (открытые статьи)",en,30,planned,"Только статьи в открытом доступе; клинические исследования"
8,medicine,"PLOS Medicine","https://journals.plos.org/plosmedicine/",2026-09-16,"CC BY 4.0",en,30,planned,"Полностью открытый доступ; рецензируемые статьи"
9,medicine,"Медицинский совет","https://www.med-sovet.pro/jour",2026-09-17,"Авторское право; использование в научных целях с цитированием",ru,30,planned,"Обзорные статьи по клиническим специальностям"
10,medicine,"eLibrary - Медицина","https://www.elibrary.ru/querybox.asp?scope=newquery",2026-09-15,"Авторское право журналов; использование в научных целях",ru,80,planned,"Журналы ВАК по медицине; фильтр 2020-2026"
11,medicine,"Nature Medicine - Open Access","https://www.nature.com/nm/",2026-09-16,"CC BY 4.0 (открытые статьи)",en,30,planned,"Только статьи в открытом доступе; трансляционная медицина"
12,medicine,"Wiley Open Access - Medicine","https://www.wiley.com/en-us/open-access",2026-09-16,"CC BY 4.0",en,30,planned,"Открытые статьи медицинских журналов Wiley"
13,medicine,"Frontiers in Medicine","https://www.frontiersin.org/journals/medicine",2026-09-16,"CC BY 4.0",en,30,planned,"Полностью открытый доступ; рецензируемые статьи"
14,medicine,"Диссертации РГБ - Медицина","https://www.rsl.ru/ru/030/dissertations",2026-09-18,"Авторское право; использование в научных целях с цитированием",ru,30,planned,"Авторефераты и полные тексты диссертаций по медицине"
15,law,"КиберЛенинка - Право","https://cyberleninka.ru/search?q=%D0%BF%D1%80%D0%B0%D0%B2%D0%BE",2026-09-15,"Открытые лицензии источников; использование в научных целях (ст. 1274 ГК РФ)",ru,100,planned,"Научные статьи рецензируемых юридических журналов; фильтр 2020-2026"
16,law,"СудАкт - обезличенные судебные решения","https://sudact.ru/",2026-09-16,"Общественное достояние (обезличенные судебные акты)",ru,100,planned,"Только официально обезличенные решения; арбитражные суды в приоритете"
17,law,"Государственная Дума - законопроекты","https://sozd.duma.gov.ru/",2026-09-15,"Общественное достояние (официальные документы)",ru,80,planned,"Законопроекты и пояснительные записки; гражданское и трудовое право"
18,law,"КонсультантПлюс - открытые комментарии","https://www.consultant.ru/",2026-09-17,"Ограниченное использование (открытые материалы)",ru,60,planned,"Комментарии к ГК РФ и ТК РФ; только общедоступные разделы"
19,law,"Гарант - открытые правовые материалы","https://www.garant.ru/",2026-09-17,"Ограниченное использование (открытые материалы)",ru,60,planned,"Аналитические материалы и комментарии"
20,law,"SSRN - Law and Legal Studies","https://papers.ssrn.com/sol3/Jnl_Res.cfm?func=bySubject&subject_id=3189",2026-09-17,"Авторское право авторов; открытые препринты",en,30,planned,"Англоязычные правовые исследования в открытом доступе"
21,law,"eLibrary - Юриспруденция","https://www.elibrary.ru/querybox.asp?scope=newquery",2026-09-15,"Авторское право журналов; использование в научных целях",ru,80,planned,"Журналы ВАК по праву; фильтр 2020-2026"
22,law,"OpenLaw - European Journal of Law","https://openlaw.ru/",2026-09-17,"CC BY 4.0",ru/en,30,planned,"Открытый доступ; европейское и международное право"
23,law,"Legal Information Institute (LII) Cornell","https://www.law.cornell.edu/",2026-09-17,"Общественное достояние (официальные правовые материалы)",en,30,planned,"Судебные прецеденты и комментарии к законодательству США"
24,law,"Harvard Law Review - Open Content","https://harvardlawreview.org/",2026-09-17,"Авторское право; открытые статьи по лицензии журнала",en,30,planned,"Аналитические статьи; только открытые материалы"
25,law,"Oxford University Press - Law Open Access","https://academic.oup.com/journals/browse/open-access/law",2026-09-17,"CC BY 4.0 (открытые статьи)",en,30,planned,"Открытые статьи юридических журналов OUP"
26,law,"Официальный интернет-портал правовой информации","http://pravo.gov.ru/",2026-09-15,"Общественное достояние (официальные документы)",ru,50,planned,"Федеральные законы и нормативные акты"
27,law,"Вестник гражданского права","https://vgp.vbrn.ru/",2026-09-18,"Авторское право; использование в научных целях с цитированием",ru,30,planned,"Открытые статьи по гражданскому праву"
28,finance,"Отчёты и аналитика ЦБ РФ","https://www.cbr.ru/analytics/",2026-09-15,"Общественное достояние (официальные документы)",ru,80,planned,"Доклады о денежно-кредитной политике; обзоры финансовой стабильности"
29,finance,"Исследования НИУ ВШЭ - Экономика","https://www.hse.ru/research/",2026-09-16,"Открытые лицензии; использование в научных целях",ru,60,planned,"Рабочие бумаги и препринты по экономике и финансам"
30,finance,"КиберЛенинка - Экономика","https://cyberleninka.ru/search?q=%D1%8D%D0%BA%D0%BE%D0%BD%D0%BE%D0%BC%D0%B8%D0%BA%D0%B0",2026-09-15,"Открытые лицензии источников; использование в научных целях (ст. 1274 ГК РФ)",ru,100,planned,"Научные статьи рецензируемых экономических журналов; фильтр 2020-2026"
31,finance,"РБК - Аналитические материалы","https://www.rbc.ru/",2026-09-17,"Авторское право; использование в научных целях с цитированием",ru,60,planned,"Только аналитические и экспертные материалы; не новостные заметки"
32,finance,"Ведомости - Открытая аналитика","https://www.vedomosti.ru/",2026-09-17,"Авторское право; использование в научных целях с цитированием",ru,40,planned,"Аналитические статьи и экспертные колонки"
33,finance,"МВФ - Рабочие бумаги","https://www.imf.org/en/Publications/WP",2026-09-18,"CC BY-NC-ND 4.0",en,40,planned,"Working Papers по макроэкономике и финансовым рынкам"
34,finance,"Всемирный банк - Открытые отчёты","https://documents.worldbank.org/en/publication/documents-reports",2026-09-18,"CC BY 4.0",en,40,planned,"Отчёты по экономическому развитию и финансовой инклюзии"
35,finance,"eLibrary - Экономика","https://www.elibrary.ru/querybox.asp?scope=newquery",2026-09-15,"Авторское право журналов; использование в научных целях",ru,80,planned,"Журналы ВАК по экономике; фильтр 2020-2026"
36,finance,"NBER Working Papers","https://www.nber.org/papers",2026-09-18,"Авторское право; открытые препринты",en,30,planned,"Рабочие бумаги Национального бюро экономических исследований США"
37,finance,"Journal of Finance - Open Access","https://onlinelibrary.wiley.com/journal/15406261",2026-09-18,"Авторское право журнала; открытые статьи",en,30,planned,"Только статьи в открытом доступе; финансы и инвестиции"
38,finance,"Federal Reserve - Economic Research","https://www.federalreserve.gov/econres/default.htm",2026-09-18,"Общественное достояние (официальные документы)",en,40,planned,"Рабочие бумаги и аналитика Федеральной резервной системы"
39,finance,"ЕЦБ - Рабочие бумаги","https://www.ecb.europa.eu/pub/ire/html/index.en.html",2026-09-18,"CC BY-NC-ND 4.0 (рабочие бумаги)",en,30,planned,"International Role of the Euro и Monetary Policy Papers"
40,finance,"Экономический журнал ВШЭ","https://ej.hse.ru/",2026-09-16,"Открытые лицензии; использование в научных целях",ru,40,planned,"Полнотекстовый доступ; рецензируемые статьи по экономике"
